"Variation.ID","Chromosome","Position","Gene","Gene_type"
"chr1:24383708:G/A:1","chr1",24383708,"STPG1","overlapped"
"chr1:41474651:C/T:1","chr1",41474651,"EDN2","downstream"
"chr1:150288186:C/A:1","chr1",150288186,"CIART","upstream"
"chr1:224495124:G/A:1","chr1",224495124,"CNIH3","overlapped"
"chr10:41553481:C/T:1","chr10",41553481,"KSR1P1","downstream"
"chr11:101897424:T/C:1","chr11",101897424,"ANGPTL5","overlapped"
"chr11:101904261:T/C:1","chr11",101904261,"ANGPTL5","overlapped"
"chr11:111326257:G/T:1","chr11",111326257,"COLCA2","upstream"
"chr11:111333621:C/T:1","chr11",111333621,"MIR4491","downstream"
"chr12:43633165:C/A:1","chr12",43633165,"AC090525.3","overlapped"
"chr12:43634158:A/G:1","chr12",43634158,"AC090525.3","upstream"
"chr12:43645409:C/T:1","chr12",43645409,"AC090525.3","upstream"
"chr12:43670858:T/G:1","chr12",43670858,"EEF1A1P17","upstream"
"chr12:43680159:G/A:1","chr12",43680159,"EEF1A1P17","upstream"
"chr12:43862254:T/C:1","chr12",43862254,"TMEM117","overlapped"
"chr12:43873785:T/C:1","chr12",43873785,"TMEM117","overlapped"
"chr12:47933195:A/G:1","chr12",47933195,"VDR","overlapped"
"chr12:47937039:G/T:1","chr12",47937039,"VDR","overlapped"
"chr12:51961154:A/G:1","chr12",51961154,"ACVR1B","overlapped"
"chr12:96494446:G/A:1","chr12",96494446,"CFAP54","overlapped"
"chr13:73419755:T/C:1","chr13",73419755,"LINC00393","overlapped"
"chr13:73425168:T/C:1","chr13",73425168,"LINC00393","overlapped"
"chr13:107304670:C/A:1","chr13",107304670,"FAM155A","overlapped"
"chr14:89118020:C/T:1","chr14",89118020,"MPPE1P1","upstream"
"chr14:89119953:A/T:1","chr14",89119953,"FOXN3","downstream"
"chr14:89121310:G/A:1","chr14",89121310,"FOXN3","downstream"
"chr14:89123581:C/T:1","chr14",89123581,"FOXN3","downstream"
"chr14:89127080:G/A:1","chr14",89127080,"FOXN3","overlapped"
"chr14:89129936:A/G:1","chr14",89129936,"FOXN3","overlapped"
"chr14:89130391:C/T:1","chr14",89130391,"FOXN3","overlapped"
"chr14:89130769:C/T:1","chr14",89130769,"FOXN3","overlapped"
"chr14:92945306:G/A:1","chr14",92945306,"ITPK1","overlapped"
"chr14:92950907:G/A:1","chr14",92950907,"ITPK1","overlapped"
"chr14:92953102:C/T:1","chr14",92953102,"ITPK1","overlapped"
"chr14:92955059:G/A:1","chr14",92955059,"ITPK1","overlapped"
"chr14:104554254:G/A:1","chr14",104554254,"TMEM179","overlapped"
"chr15:56562466:C/A:1","chr15",56562466,"AC090518.1","overlapped"
"chr15:56577755:G/T:1","chr15",56577755,"AC090518.1","overlapped"
"chr15:64895334:C/T:1","chr15",64895334,"AC069368.1","overlapped"
"chr17:15880460:G/T:1","chr17",15880460,"SPECC1P1","overlapped"
"chr2:174435:A/T:1","chr2",174435,"AC079779.1","downstream"
"chr2:13776828:C/T:1","chr2",13776828,"LINC00276","overlapped"
"chr2:20234563:G/T:1","chr2",20234563,"AC007041.1","downstream"
"chr2:20386478:A/G:1","chr2",20386478,"SLC7A15P","overlapped"
"chr2:45697873:T/C:1","chr2",45697873,"PRKCE","overlapped"
"chr2:168768525:G/A:1","chr2",168768525,"CERS6","overlapped"
"chr2:172241860:C/T:1","chr2",172241860,"AC104088.1","downstream"
"chr20:58324685:T/G:1","chr20",58324685,"RAB22A","overlapped"
"chr21:19742506:T/G:1","chr21",19742506,"AP000568.1","upstream"
"chr21:19742512:G/C:1","chr21",19742512,"AP000568.1","upstream"
"chr21:19742518:A/G:1","chr21",19742518,"AP000568.1","upstream"
"chr3:95799902:C/G:1","chr3",95799902,"MTHFD2P1","upstream"
"chr3:123712159:T/C:1","chr3",123712159,"MYLK","overlapped"
"chr3:123714567:A/G:1","chr3",123714567,"MYLK","overlapped"
"chr3:123714904:T/C:1","chr3",123714904,"MYLK","overlapped"
"chr3:123715019:G/A:1","chr3",123715019,"MYLK","overlapped"
"chr3:123716725:C/G:1","chr3",123716725,"MYLK","overlapped"
"chr3:123716871:T/C:1","chr3",123716871,"MYLK","overlapped"
"chr3:123717438:C/T:1","chr3",123717438,"MYLK","overlapped"
"chr3:123717905:G/A:1","chr3",123717905,"MYLK","overlapped"
"chr3:123719195:G/A:1","chr3",123719195,"MYLK","overlapped"
"chr3:123720127:G/C:1","chr3",123720127,"MYLK","overlapped"
"chr3:123741015:T/A:1","chr3",123741015,"MYLK","overlapped"
"chr3:123741626:A/C:1","chr3",123741626,"MYLK","overlapped"
"chr3:165996886:C/T:1","chr3",165996886,"BCHE","upstream"
"chr3:183718354:G/T:1","chr3",183718354,"YEATS2","overlapped"
"chr3:184440662:C/G:1","chr3",184440662,"LINC02054","overlapped"
"chr3:186372589:T/C:1","chr3",186372589,"DGKG","upstream"
"chr3:190599279:G/A:1","chr3",190599279,"IL1RAP","overlapped"
"chr4:5650646:G/T:1","chr4",5650646,"EVC2","overlapped"
"chr4:42819917:G/A:1","chr4",42819917,"RN7SKP82","downstream"
"chr4:43224346:C/T:1","chr4",43224346,"AC111198.1","overlapped"
"chr4:43247871:A/G:1","chr4",43247871,"AC111198.1","upstream"
"chr4:43251889:C/T:1","chr4",43251889,"AC111198.1","upstream"
"chr4:43312059:G/A:1","chr4",43312059,"AC097451.1","downstream"
"chr4:43630277:G/A:1","chr4",43630277,"RN7SL691P","upstream"
"chr4:43639675:G/C:1","chr4",43639675,"RN7SL691P","upstream"
"chr4:43942121:G/T:1","chr4",43942121,"AC110799.1","downstream"
"chr4:112729971:G/C:1","chr4",112729971,"AC017007.3","downstream"
"chr4:112739807:A/G:1","chr4",112739807,"AC017007.3","upstream"
"chr4:112748422:A/G:1","chr4",112748422,"RF00019","downstream"
"chr4:112754330:G/A:1","chr4",112754330,"RF00019","downstream"
"chr4:112754876:C/T:1","chr4",112754876,"RF00019","downstream"
"chr4:112754920:A/G:1","chr4",112754920,"RF00019","downstream"
"chr4:112756541:A/G:1","chr4",112756541,"RF00019","upstream"
"chr4:112764594:G/A:1","chr4",112764594,"RF00019","upstream"
"chr4:112765157:C/T:1","chr4",112765157,"RF00019","upstream"
"chr4:112828361:G/A:1","chr4",112828361,"ANK2","overlapped"
"chr4:112831009:G/A:1","chr4",112831009,"ANK2","overlapped"
"chr4:112831152:C/T:1","chr4",112831152,"ANK2","overlapped"
"chr4:112831253:G/A:1","chr4",112831253,"ANK2","overlapped"
"chr4:112832091:G/A:1","chr4",112832091,"ANK2","overlapped"
"chr4:112842406:A/G:1","chr4",112842406,"ANK2","overlapped"
"chr4:125602362:T/C:1","chr4",125602362,"AC105919.1","downstream"
"chr5:57438193:C/A:1","chr5",57438193,"AC025470.2","overlapped"
"chr5:57449388:T/A:1","chr5",57449388,"AC025470.2","overlapped"
"chr5:90922764:A/G:1","chr5",90922764,"ADGRV1","overlapped"
"chr5:122188062:G/A:1","chr5",122188062,"AC010255.3","upstream"
"chr5:176530405:C/T:1","chr5",176530405,"RNF44","overlapped"
"chr6:5708560:A/G:1","chr6",5708560,"FARS2","overlapped"
"chr6:5709901:T/A:1","chr6",5709901,"FARS2","overlapped"
"chr6:5709995:T/C:1","chr6",5709995,"FARS2","overlapped"
"chr6:39059330:C/T:1","chr6",39059330,"GLP1R","overlapped"
"chr6:39065817:G/A:1","chr6",39065817,"GLP1R","overlapped"
"chr6:39069399:C/T:1","chr6",39069399,"GLP1R","overlapped"
"chr6:39073934:C/T:1","chr6",39073934,"GLP1R","overlapped"
"chr6:39076216:G/A:1","chr6",39076216,"GLP1R","overlapped"
"chr6:39078023:C/A:1","chr6",39078023,"GLP1R","overlapped"
"chr6:39085412:C/T:1","chr6",39085412,"GLP1R","overlapped"
"chr6:109182597:A/G:1","chr6",109182597,"CCDC162P","overlapped"
"chr6:142655372:C/T:1","chr6",142655372,"AL359313.1","upstream"
"chr6:142658062:T/A:1","chr6",142658062,"AL359313.1","upstream"
"chr6:142658119:A/T:1","chr6",142658119,"AL359313.1","upstream"
"chr6:142660032:C/G:1","chr6",142660032,"AL359313.1","upstream"
"chr6:142660552:C/A:1","chr6",142660552,"AL359313.1","upstream"
"chr6:142660782:A/C:1","chr6",142660782,"AL359313.1","upstream"
"chr6:142660936:G/T:1","chr6",142660936,"AL359313.1","upstream"
"chr6:142662790:C/T:1","chr6",142662790,"AL359313.1","upstream"
"chr6:142666170:C/T:1","chr6",142666170,"AL359313.1","upstream"
"chr6:142667945:A/T:1","chr6",142667945,"AL359313.1","upstream"
"chr6:142670217:G/T:1","chr6",142670217,"AL359313.1","upstream"
"chr6:142672304:G/A:1","chr6",142672304,"AL359313.1","upstream"
"chr6:142672800:T/C:1","chr6",142672800,"AL359313.1","upstream"
"chr7:5163521:G/A:1","chr7",5163521,"RNU6-215P","downstream"
"chr7:95474190:T/C:1","chr7",95474190,"AC004012.1","upstream"
"chr7:95474368:C/T:1","chr7",95474368,"AC004012.1","upstream"
"chr7:95478760:C/T:1","chr7",95478760,"ASB4","overlapped"
"chr7:95482227:C/A:1","chr7",95482227,"ASB4","overlapped"
"chr7:95486020:G/C:1","chr7",95486020,"ASB4","overlapped"
"chr7:95486756:C/A:1","chr7",95486756,"ASB4","overlapped"
"chr7:95487565:A/T:1","chr7",95487565,"ASB4","overlapped"
"chr7:95489407:A/G:1","chr7",95489407,"ASB4","overlapped"
"chr7:95499710:A/G:1","chr7",95499710,"ASB4","overlapped"
"chr7:124590814:T/G:1","chr7",124590814,"RNU6-102P","downstream"
"chr7:124693040:T/C:1","chr7",124693040,"RNU6-102P","upstream"
"chr7:124694619:C/T:1","chr7",124694619,"RNU6-102P","upstream"
"chr7:124695580:C/T:1","chr7",124695580,"AC004925.1","downstream"
"chr7:134563187:A/G:1","chr7",134563187,"AKR1B15","overlapped"
"chr7:134615391:C/T:1","chr7",134615391,"BPGM","downstream"
"chr8:32280680:G/T:1","chr8",32280680,"NRG1","overlapped"
"chr8:128830071:G/A:1","chr8",128830071,"CCDC26","overlapped"
"chr8:128837999:T/C:1","chr8",128837999,"CCDC26","overlapped"
"chr8:128838208:T/C:1","chr8",128838208,"CCDC26","overlapped"
"chr8:137670315:G/C:1","chr8",137670315,"AC105213.1","upstream"
"chr8:137672585:G/A:1","chr8",137672585,"AC110053.1","downstream"
"chr8:137678972:G/A:1","chr8",137678972,"AC110053.1","downstream"
"chr9:35774194:T/C:1","chr9",35774194,"AL133410.1","overlapped"
"chr9:97782358:G/T:1","chr9",97782358,"PTCSC2","overlapped"
"chr9:98034007:A/G:1","chr9",98034007,"RNU6-918P","upstream"
"chrX:100283:C/T:1","chrX",100283,NA,NA
"chrX:2174092:C/T:1","chrX",2174092,"DHRSX","downstream"
"chrX:8041834:T/C:1","chrX",8041834,"AC097626.1","downstream"
"chrX:14026712:A/G:1","chrX",14026712,"GEMIN8","overlapped"
"chrX:43612201:G/A:1","chrX",43612201,"MAOA","downstream"
"chrX:54428459:G/C:1","chrX",54428459,"TSR2","downstream"
"chrX:56473557:A/T:1","chrX",56473557,"UBQLN2","downstream"
"chrX:91383163:C/A:1","chrX",91383163,"PABPC5-AS1","downstream"
"chrX:96787707:T/A:1","chrX",96787707,"DIAPH2","overlapped"
"chrX:123758926:G/A:1","chrX",123758926,"MEMO1P4","downstream"
"chrX:144837659:T/C:1","chrX",144837659,"HNRNPCP10","downstream"
"chr11:118886492:C/G:1","chr11",118886492,"CXCR5","overlapped"
"chr12:64058373:A/G:1","chr12",64058373,"SRGAP1","overlapped"
"chr12:64062469:A/T:1","chr12",64062469,"SRGAP1","overlapped"
"chr12:64079023:A/T:1","chr12",64079023,"SRGAP1","overlapped"
"chr3:123715922:A/G:1","chr3",123715922,"MYLK","overlapped"
"chr8:106533736:T/C:1","chr8",106533736,"OXR1","overlapped"
